{
  "search": {
    "counts": {
      "true_positives": 314,
      "false_negatives": 31,
      "false_positives": 685,
      "meta_total": 345,
      "retrieved_total": 999
    },
    "metrics": {
      "precision": 0.31431431431431434,
      "precision_ci_lower": 0.2862835852572789,
      "precision_ci_upper": 0.3437676611210124,
      "recall": 0.9101449275362319,
      "recall_ci_lower": 0.875280062888179,
      "recall_ci_upper": 0.9359763927638991
    }
  },
  "abstract": {
    "counts": {
      "true_positives": 299,
      "false_negatives": 15,
      "false_positives": 398,
      "meta_in_search": 314,
      "meta_total": 345,
      "included_total": 697
    },
    "metrics": {
      "precision": 0.42898134863701576,
      "precision_ci_lower": 0.3927256083926646,
      "precision_ci_upper": 0.46601565354155855,
      "recall_in_search": 0.9522292993630573,
      "recall_in_search_ci_lower": 0.9226869656700801,
      "recall_in_search_ci_upper": 0.9708398728557769,
      "recall_all_meta": 0.8666666666666667,
      "recall_all_meta_ci_lower": 0.8267281538644072,
      "recall_all_meta_ci_upper": 0.8985293842273799
    }
  },
  "fulltext": {
    "counts": {
      "true_positives": 67,
      "false_negatives": 26,
      "false_positives": 90,
      "additional_false_negatives": 11,
      "meta_in_search_available": 93,
      "meta_total": 345,
      "included_total": 157
    },
    "metrics": {
      "precision": 0.4267515923566879,
      "precision_ci_lower": 0.3520419103601061,
      "precision_ci_upper": 0.5049602582330938,
      "recall_in_search": 0.7204301075268817,
      "recall_in_search_ci_lower": 0.6218738745625855,
      "recall_in_search_ci_upper": 0.8014978995510186,
      "recall_all_meta": 0.19420289855072465,
      "recall_all_meta_ci_lower": 0.15592124765123033,
      "recall_all_meta_ci_upper": 0.23921969884138977
    }
  },
  "fulltext_with_coords": {
    "counts": {
      "true_positives": 30,
      "false_negatives": 63,
      "false_positives": 33,
      "meta_in_search_available": 93,
      "meta_total": 345,
      "included_total": 63
    },
    "metrics": {
      "precision": 0.47619047619047616,
      "precision_ci_lower": 0.35781921387369653,
      "precision_ci_upper": 0.5972985570952808,
      "recall_in_search": 0.3225806451612903,
      "recall_in_search_ci_lower": 0.23624803528547356,
      "recall_in_search_ci_upper": 0.4229893172572353,
      "recall_all_meta": 0.08695652173913043,
      "recall_all_meta_ci_lower": 0.061588186650324485,
      "recall_all_meta_ci_upper": 0.12142209652691122
    }
  }
}