{
  "search": {
    "counts": {
      "true_positives": 281,
      "false_negatives": 0,
      "false_positives": 211,
      "meta_total": 281,
      "retrieved_total": 492
    },
    "metrics": {
      "precision": 0.5711382113821138,
      "precision_ci_lower": 0.5270209636099736,
      "precision_ci_upper": 0.6141531532854221,
      "recall": 1.0,
      "recall_ci_lower": 0.9865132059362116,
      "recall_ci_upper": 1
    }
  },
  "abstract": {
    "counts": {
      "true_positives": 280,
      "false_negatives": 1,
      "false_positives": 104,
      "meta_in_search": 281,
      "meta_total": 281,
      "included_total": 384
    },
    "metrics": {
      "precision": 0.7291666666666666,
      "precision_ci_lower": 0.6826109457869329,
      "precision_ci_upper": 0.7711825616655941,
      "recall_in_search": 0.99644128113879,
      "recall_in_search_ci_lower": 0.9801202211852835,
      "recall_in_search_ci_upper": 0.9993715384453321,
      "recall_all_meta": 0.99644128113879,
      "recall_all_meta_ci_lower": 0.9801202211852835,
      "recall_all_meta_ci_upper": 0.9993715384453321
    }
  },
  "fulltext": {
    "counts": {
      "true_positives": 272,
      "false_negatives": 8,
      "false_positives": 64,
      "additional_false_negatives": 7,
      "meta_in_search_available": 280,
      "meta_total": 281,
      "included_total": 336
    },
    "metrics": {
      "precision": 0.8095238095238095,
      "precision_ci_lower": 0.7641289048475332,
      "precision_ci_upper": 0.8479209442586387,
      "recall_in_search": 0.9714285714285714,
      "recall_in_search_ci_lower": 0.9446432980373222,
      "recall_in_search_ci_upper": 0.9854529246446243,
      "recall_all_meta": 0.9679715302491103,
      "recall_all_meta_ci_lower": 0.9402600821187398,
      "recall_all_meta_ci_upper": 0.9830601070671093
    }
  },
  "fulltext_with_coords": {
    "counts": {
      "true_positives": 0,
      "false_negatives": 280,
      "false_positives": 0,
      "meta_in_search_available": 280,
      "meta_total": 281,
      "included_total": 0
    },
    "metrics": {
      "precision": 0,
      "precision_ci_lower": 0.0,
      "precision_ci_upper": 0.0,
      "recall_in_search": 0.0,
      "recall_in_search_ci_lower": 0,
      "recall_in_search_ci_upper": 0.013534309276723356,
      "recall_all_meta": 0.0,
      "recall_all_meta_ci_lower": 0,
      "recall_all_meta_ci_upper": 0.013486794063788433
    }
  }
}