{
  "search": {
    "counts": {
      "true_positives": 216,
      "false_negatives": 14,
      "false_positives": 783,
      "meta_total": 230,
      "retrieved_total": 999
    },
    "metrics": {
      "precision": 0.21621621621621623,
      "precision_ci_lower": 0.19180114258867886,
      "precision_ci_upper": 0.2428054792347477,
      "recall": 0.9391304347826087,
      "recall_ci_lower": 0.900433712169112,
      "recall_ci_upper": 0.963398899308059
    }
  },
  "abstract": {
    "counts": {
      "true_positives": 215,
      "false_negatives": 1,
      "false_positives": 482,
      "meta_in_search": 216,
      "meta_total": 230,
      "included_total": 697
    },
    "metrics": {
      "precision": 0.3084648493543759,
      "precision_ci_lower": 0.27530413032242146,
      "precision_ci_upper": 0.3437253336819985,
      "recall_in_search": 0.9953703703703703,
      "recall_in_search_ci_lower": 0.9742458312701834,
      "recall_in_search_ci_upper": 0.9991823097186012,
      "recall_all_meta": 0.9347826086956522,
      "recall_all_meta_ci_lower": 0.8951968914476299,
      "recall_all_meta_ci_upper": 0.9600829218961037
    }
  },
  "fulltext": {
    "counts": {
      "true_positives": 42,
      "false_negatives": 3,
      "false_positives": 115,
      "additional_false_negatives": 2,
      "meta_in_search_available": 45,
      "meta_total": 230,
      "included_total": 157
    },
    "metrics": {
      "precision": 0.267515923566879,
      "precision_ci_lower": 0.2044319165806463,
      "precision_ci_upper": 0.34170540112820524,
      "recall_in_search": 0.9333333333333333,
      "recall_in_search_ci_lower": 0.8214312561135918,
      "recall_in_search_ci_upper": 0.977068383537853,
      "recall_all_meta": 0.1826086956521739,
      "recall_all_meta_ci_lower": 0.1380302155127564,
      "recall_all_meta_ci_upper": 0.23761552074631814
    }
  },
  "fulltext_with_coords": {
    "counts": {
      "true_positives": 27,
      "false_negatives": 18,
      "false_positives": 36,
      "meta_in_search_available": 45,
      "meta_total": 230,
      "included_total": 63
    },
    "metrics": {
      "precision": 0.42857142857142855,
      "precision_ci_lower": 0.3139672637328724,
      "precision_ci_upper": 0.5513860491740598,
      "recall_in_search": 0.6,
      "recall_in_search_ci_lower": 0.4545159420914473,
      "recall_in_search_ci_upper": 0.7297532055204246,
      "recall_all_meta": 0.11739130434782609,
      "recall_all_meta_ci_lower": 0.08194385641129473,
      "recall_all_meta_ci_upper": 0.16540990784621978
    }
  }
}