{
  "search": {
    "counts": {
      "true_positives": 310,
      "false_negatives": 0,
      "false_positives": 182,
      "meta_total": 310,
      "retrieved_total": 492
    },
    "metrics": {
      "precision": 0.6300813008130082,
      "precision_ci_lower": 0.586566705584001,
      "precision_ci_upper": 0.6715802510247225,
      "recall": 1.0,
      "recall_ci_lower": 0.98775943023487,
      "recall_ci_upper": 1
    }
  },
  "abstract": {
    "counts": {
      "true_positives": 309,
      "false_negatives": 1,
      "false_positives": 75,
      "meta_in_search": 310,
      "meta_total": 310,
      "included_total": 384
    },
    "metrics": {
      "precision": 0.8046875,
      "precision_ci_lower": 0.7620987967855478,
      "precision_ci_upper": 0.8412402983501984,
      "recall_in_search": 0.9967741935483871,
      "recall_in_search_ci_lower": 0.981956435278157,
      "recall_in_search_ci_upper": 0.9994303534713268,
      "recall_all_meta": 0.9967741935483871,
      "recall_all_meta_ci_lower": 0.981956435278157,
      "recall_all_meta_ci_upper": 0.9994303534713268
    }
  },
  "fulltext": {
    "counts": {
      "true_positives": 307,
      "false_negatives": 2,
      "false_positives": 29,
      "additional_false_negatives": 1,
      "meta_in_search_available": 309,
      "meta_total": 310,
      "included_total": 336
    },
    "metrics": {
      "precision": 0.9136904761904762,
      "precision_ci_lower": 0.878793040498005,
      "precision_ci_upper": 0.9392351232112054,
      "recall_in_search": 0.9935275080906149,
      "recall_in_search_ci_lower": 0.9767110316336969,
      "recall_in_search_ci_upper": 0.9982232482063245,
      "recall_all_meta": 0.9903225806451613,
      "recall_all_meta_ci_lower": 0.9719379945585772,
      "recall_all_meta_ci_upper": 0.996703511220134
    }
  },
  "fulltext_with_coords": {
    "counts": {
      "true_positives": 0,
      "false_negatives": 309,
      "false_positives": 0,
      "meta_in_search_available": 309,
      "meta_total": 310,
      "included_total": 0
    },
    "metrics": {
      "precision": 0,
      "precision_ci_lower": 0.0,
      "precision_ci_upper": 0.0,
      "recall_in_search": 0.0,
      "recall_in_search_ci_lower": 0,
      "recall_in_search_ci_upper": 0.01227969681781451,
      "recall_all_meta": 0.0,
      "recall_all_meta_ci_lower": 0,
      "recall_all_meta_ci_upper": 0.012240569765129924
    }
  }
}