{
  "search": {
    "counts": {
      "true_positives": 344,
      "false_negatives": 1,
      "false_positives": 148,
      "meta_total": 345,
      "retrieved_total": 492
    },
    "metrics": {
      "precision": 0.6991869918699187,
      "precision_ci_lower": 0.6572469883992575,
      "precision_ci_upper": 0.7380405389078502,
      "recall": 0.9971014492753624,
      "recall_ci_lower": 0.9837661263543445,
      "recall_ci_upper": 0.9994881644183156
    }
  },
  "abstract": {
    "counts": {
      "true_positives": 324,
      "false_negatives": 20,
      "false_positives": 60,
      "meta_in_search": 344,
      "meta_total": 345,
      "included_total": 384
    },
    "metrics": {
      "precision": 0.84375,
      "precision_ci_lower": 0.8040486026829152,
      "precision_ci_upper": 0.8766416584958754,
      "recall_in_search": 0.9418604651162791,
      "recall_in_search_ci_lower": 0.9119089755769025,
      "recall_in_search_ci_upper": 0.9620520457615458,
      "recall_all_meta": 0.9391304347826087,
      "recall_all_meta_ci_lower": 0.9087424965854225,
      "recall_all_meta_ci_upper": 0.9598465707735162
    }
  },
  "fulltext": {
    "counts": {
      "true_positives": 292,
      "false_negatives": 51,
      "false_positives": 44,
      "additional_false_negatives": 31,
      "meta_in_search_available": 343,
      "meta_total": 345,
      "included_total": 336
    },
    "metrics": {
      "precision": 0.8690476190476191,
      "precision_ci_lower": 0.8287669740085828,
      "precision_ci_upper": 0.9009847691564683,
      "recall_in_search": 0.8513119533527697,
      "recall_in_search_ci_lower": 0.8097760069207206,
      "recall_in_search_ci_upper": 0.885065672970042,
      "recall_all_meta": 0.8463768115942029,
      "recall_all_meta_ci_lower": 0.804530489851446,
      "recall_all_meta_ci_upper": 0.8805942200455386
    }
  },
  "fulltext_with_coords": {
    "counts": {
      "true_positives": 0,
      "false_negatives": 343,
      "false_positives": 0,
      "meta_in_search_available": 343,
      "meta_total": 345,
      "included_total": 0
    },
    "metrics": {
      "precision": 0,
      "precision_ci_lower": 0.0,
      "precision_ci_upper": 0.0,
      "recall_in_search": 0.0,
      "recall_in_search_ci_lower": 0,
      "recall_in_search_ci_upper": 0.011075949367088606,
      "recall_all_meta": 0.0,
      "recall_all_meta_ci_lower": 0,
      "recall_all_meta_ci_upper": 0.011012448056653792
    }
  }
}