{
  "search": {
    "counts": {
      "true_positives": 332,
      "false_negatives": 33,
      "false_positives": 109,
      "meta_total": 365,
      "retrieved_total": 441
    },
    "metrics": {
      "precision": 0.7528344671201814,
      "precision_ci_lower": 0.7105051957879924,
      "precision_ci_upper": 0.790796840712191,
      "recall": 0.9095890410958904,
      "recall_ci_lower": 0.875747365171337,
      "recall_ci_upper": 0.9348987224717054
    }
  },
  "abstract": {
    "counts": {
      "true_positives": 317,
      "false_negatives": 15,
      "false_positives": 40,
      "meta_in_search": 332,
      "meta_total": 365,
      "included_total": 357
    },
    "metrics": {
      "precision": 0.8879551820728291,
      "precision_ci_lower": 0.8510185233167709,
      "precision_ci_upper": 0.9166313263679662,
      "recall_in_search": 0.9548192771084337,
      "recall_in_search_ci_lower": 0.9268016716525852,
      "recall_in_search_ci_upper": 0.9724317764967806,
      "recall_all_meta": 0.8684931506849315,
      "recall_all_meta_ci_lower": 0.8299522716830618,
      "recall_all_meta_ci_upper": 0.8993580881028191
    }
  },
  "fulltext": {
    "counts": {
      "true_positives": 74,
      "false_negatives": 26,
      "false_positives": 7,
      "additional_false_negatives": 11,
      "meta_in_search_available": 100,
      "meta_total": 365,
      "included_total": 81
    },
    "metrics": {
      "precision": 0.9135802469135802,
      "precision_ci_lower": 0.8321989792572,
      "precision_ci_upper": 0.9575079569627674,
      "recall_in_search": 0.74,
      "recall_in_search_ci_lower": 0.6462882736813838,
      "recall_in_search_ci_upper": 0.8159542187301354,
      "recall_all_meta": 0.20273972602739726,
      "recall_all_meta_ci_lower": 0.16468875241467285,
      "recall_all_meta_ci_upper": 0.24698281608519262
    }
  },
  "fulltext_with_coords": {
    "counts": {
      "true_positives": 33,
      "false_negatives": 67,
      "false_positives": 0,
      "meta_in_search_available": 100,
      "meta_total": 365,
      "included_total": 33
    },
    "metrics": {
      "precision": 1.0,
      "precision_ci_lower": 0.8957265699643882,
      "precision_ci_upper": 1,
      "recall_in_search": 0.33,
      "recall_in_search_ci_lower": 0.24562983793895452,
      "recall_in_search_ci_upper": 0.4269483966028862,
      "recall_all_meta": 0.09041095890410959,
      "recall_all_meta_ci_lower": 0.06510127752829462,
      "recall_all_meta_ci_upper": 0.12425263482866294
    }
  }
}