{
  "search": {
    "counts": {
      "true_positives": 364,
      "false_negatives": 1,
      "false_positives": 705,
      "meta_total": 365,
      "retrieved_total": 1069
    },
    "metrics": {
      "precision": 0.34050514499532275,
      "precision_ci_lower": 0.31271380070787536,
      "precision_ci_upper": 0.36943871835924524,
      "recall": 0.9972602739726028,
      "recall_ci_lower": 0.9846460873645747,
      "recall_ci_upper": 0.9995162197070787
    }
  },
  "abstract": {
    "counts": {
      "true_positives": 344,
      "false_negatives": 20,
      "false_positives": 381,
      "meta_in_search": 364,
      "meta_total": 365,
      "included_total": 725
    },
    "metrics": {
      "precision": 0.47448275862068967,
      "precision_ci_lower": 0.4383640690700566,
      "precision_ci_upper": 0.5108704422421407,
      "recall_in_search": 0.945054945054945,
      "recall_in_search_ci_lower": 0.9166603686122696,
      "recall_in_search_ci_upper": 0.9641535469426865,
      "recall_all_meta": 0.9424657534246575,
      "recall_all_meta_ci_lower": 0.9136499405902418,
      "recall_all_meta_ci_upper": 0.9620647293385296
    }
  },
  "fulltext": {
    "counts": {
      "true_positives": 309,
      "false_negatives": 54,
      "false_positives": 231,
      "additional_false_negatives": 34,
      "meta_in_search_available": 363,
      "meta_total": 365,
      "included_total": 540
    },
    "metrics": {
      "precision": 0.5722222222222222,
      "precision_ci_lower": 0.5301263577798551,
      "precision_ci_upper": 0.6132977568888277,
      "recall_in_search": 0.8512396694214877,
      "recall_in_search_ci_lower": 0.8109606633285346,
      "recall_in_search_ci_upper": 0.884162245305601,
      "recall_all_meta": 0.8465753424657534,
      "recall_all_meta_ci_lower": 0.8060085410880671,
      "recall_all_meta_ci_upper": 0.879922763840661
    }
  },
  "fulltext_with_coords": {
    "counts": {
      "true_positives": 0,
      "false_negatives": 363,
      "false_positives": 0,
      "meta_in_search_available": 363,
      "meta_total": 365,
      "included_total": 0
    },
    "metrics": {
      "precision": 0,
      "precision_ci_lower": 0.0,
      "precision_ci_upper": 0.0,
      "recall_in_search": 0.0,
      "recall_in_search_ci_lower": 0,
      "recall_in_search_ci_upper": 0.010472094767878016,
      "recall_all_meta": 0.0,
      "recall_all_meta_ci_lower": 0,
      "recall_all_meta_ci_upper": 0.010415311071202379
    }
  }
}