{
  "search": {
    "counts": {
      "true_positives": 309,
      "false_negatives": 0,
      "false_positives": 176,
      "meta_total": 309,
      "retrieved_total": 485
    },
    "metrics": {
      "precision": 0.6371134020618556,
      "precision_ci_lower": 0.5933971276835265,
      "precision_ci_upper": 0.6786746436223524,
      "recall": 1.0,
      "recall_ci_lower": 0.9877203031821855,
      "recall_ci_upper": 1
    }
  },
  "abstract": {
    "counts": {
      "true_positives": 307,
      "false_negatives": 2,
      "false_positives": 73,
      "meta_in_search": 309,
      "meta_total": 309,
      "included_total": 380
    },
    "metrics": {
      "precision": 0.8078947368421052,
      "precision_ci_lower": 0.765281079363214,
      "precision_ci_upper": 0.8443453915560403,
      "recall_in_search": 0.9935275080906149,
      "recall_in_search_ci_lower": 0.9767110316336969,
      "recall_in_search_ci_upper": 0.9982232482063245,
      "recall_all_meta": 0.9935275080906149,
      "recall_all_meta_ci_lower": 0.9767110316336969,
      "recall_all_meta_ci_upper": 0.9982232482063245
    }
  },
  "fulltext": {
    "counts": {
      "true_positives": 101,
      "false_negatives": 5,
      "false_positives": 17,
      "additional_false_negatives": 3,
      "meta_in_search_available": 106,
      "meta_total": 309,
      "included_total": 118
    },
    "metrics": {
      "precision": 0.8559322033898306,
      "precision_ci_lower": 0.7813544230478824,
      "precision_ci_upper": 0.9080652825370739,
      "recall_in_search": 0.9528301886792453,
      "recall_in_search_ci_lower": 0.8942995856883567,
      "recall_in_search_ci_upper": 0.9796862266086237,
      "recall_all_meta": 0.3268608414239482,
      "recall_all_meta_ci_lower": 0.27696450078434837,
      "recall_all_meta_ci_upper": 0.38100937481275904
    }
  },
  "fulltext_with_coords": {
    "counts": {
      "true_positives": 46,
      "false_negatives": 60,
      "false_positives": 3,
      "meta_in_search_available": 106,
      "meta_total": 309,
      "included_total": 49
    },
    "metrics": {
      "precision": 0.9387755102040817,
      "precision_ci_lower": 0.8347925657791229,
      "precision_ci_upper": 0.9789602350444708,
      "recall_in_search": 0.4339622641509434,
      "recall_in_search_ci_lower": 0.3435555639981549,
      "recall_in_search_ci_upper": 0.5289881717085355,
      "recall_all_meta": 0.1488673139158576,
      "recall_all_meta_ci_lower": 0.11349913568212396,
      "recall_all_meta_ci_upper": 0.19285909800546752
    }
  }
}