{
  "search": {
    "counts": {
      "true_positives": 216,
      "false_negatives": 14,
      "false_positives": 225,
      "meta_total": 230,
      "retrieved_total": 441
    },
    "metrics": {
      "precision": 0.4897959183673469,
      "precision_ci_lower": 0.443428907369439,
      "precision_ci_upper": 0.5363391718749482,
      "recall": 0.9391304347826087,
      "recall_ci_lower": 0.900433712169112,
      "recall_ci_upper": 0.963398899308059
    }
  },
  "abstract": {
    "counts": {
      "true_positives": 215,
      "false_negatives": 1,
      "false_positives": 142,
      "meta_in_search": 216,
      "meta_total": 230,
      "included_total": 357
    },
    "metrics": {
      "precision": 0.6022408963585434,
      "precision_ci_lower": 0.5506405042057582,
      "precision_ci_upper": 0.6516643298266814,
      "recall_in_search": 0.9953703703703703,
      "recall_in_search_ci_lower": 0.9742458312701834,
      "recall_in_search_ci_upper": 0.9991823097186012,
      "recall_all_meta": 0.9347826086956522,
      "recall_all_meta_ci_lower": 0.8951968914476299,
      "recall_all_meta_ci_upper": 0.9600829218961037
    }
  },
  "fulltext": {
    "counts": {
      "true_positives": 42,
      "false_negatives": 3,
      "false_positives": 39,
      "additional_false_negatives": 2,
      "meta_in_search_available": 45,
      "meta_total": 230,
      "included_total": 81
    },
    "metrics": {
      "precision": 0.5185185185185185,
      "precision_ci_lower": 0.4113545922111773,
      "precision_ci_upper": 0.6240054198583734,
      "recall_in_search": 0.9333333333333333,
      "recall_in_search_ci_lower": 0.8214312561135918,
      "recall_in_search_ci_upper": 0.977068383537853,
      "recall_all_meta": 0.1826086956521739,
      "recall_all_meta_ci_lower": 0.1380302155127564,
      "recall_all_meta_ci_upper": 0.23761552074631814
    }
  },
  "fulltext_with_coords": {
    "counts": {
      "true_positives": 27,
      "false_negatives": 18,
      "false_positives": 6,
      "meta_in_search_available": 45,
      "meta_total": 230,
      "included_total": 33
    },
    "metrics": {
      "precision": 0.8181818181818182,
      "precision_ci_lower": 0.656114329507048,
      "precision_ci_upper": 0.9138934877430174,
      "recall_in_search": 0.6,
      "recall_in_search_ci_lower": 0.4545159420914473,
      "recall_in_search_ci_upper": 0.7297532055204246,
      "recall_all_meta": 0.11739130434782609,
      "recall_all_meta_ci_lower": 0.08194385641129473,
      "recall_all_meta_ci_upper": 0.16540990784621978
    }
  }
}