{
  "search": {
    "counts": {
      "true_positives": 127,
      "false_negatives": 64,
      "false_positives": 857,
      "meta_total": 191,
      "retrieved_total": 984
    },
    "metrics": {
      "precision": 0.1290650406504065,
      "precision_ci_lower": 0.10954999908528172,
      "precision_ci_upper": 0.15146512722646707,
      "recall": 0.6649214659685864,
      "recall_ci_lower": 0.5953114119842712,
      "recall_ci_upper": 0.7280281623160835
    }
  },
  "abstract": {
    "counts": {
      "true_positives": 125,
      "false_negatives": 2,
      "false_positives": 471,
      "meta_in_search": 127,
      "meta_total": 191,
      "included_total": 596
    },
    "metrics": {
      "precision": 0.20973154362416108,
      "precision_ci_lower": 0.1789570918250749,
      "precision_ci_upper": 0.2442239613062851,
      "recall_in_search": 0.984251968503937,
      "recall_in_search_ci_lower": 0.9443972558906895,
      "recall_in_search_ci_upper": 0.9956707347178022,
      "recall_all_meta": 0.6544502617801047,
      "recall_all_meta_ci_lower": 0.5845614147729978,
      "recall_all_meta_ci_upper": 0.718248662746382
    }
  },
  "fulltext": {
    "counts": {
      "true_positives": 64,
      "false_negatives": 63,
      "false_positives": 145,
      "additional_false_negatives": 61,
      "meta_in_search_available": 127,
      "meta_total": 191,
      "included_total": 209
    },
    "metrics": {
      "precision": 0.3062200956937799,
      "precision_ci_lower": 0.24769545076839267,
      "precision_ci_upper": 0.3717398475943335,
      "recall_in_search": 0.5039370078740157,
      "recall_in_search_ci_lower": 0.418149182069332,
      "recall_in_search_ci_upper": 0.5894936471226071,
      "recall_all_meta": 0.33507853403141363,
      "recall_all_meta_ci_lower": 0.2719718376839165,
      "recall_all_meta_ci_upper": 0.40468858801572877
    }
  },
  "fulltext_with_coords": {
    "counts": {
      "true_positives": 37,
      "false_negatives": 90,
      "false_positives": 75,
      "meta_in_search_available": 127,
      "meta_total": 191,
      "included_total": 112
    },
    "metrics": {
      "precision": 0.33035714285714285,
      "precision_ci_lower": 0.25014641827449424,
      "precision_ci_upper": 0.4218194385506877,
      "recall_in_search": 0.29133858267716534,
      "recall_in_search_ci_lower": 0.21936666512736952,
      "recall_in_search_ci_upper": 0.3755633876998658,
      "recall_all_meta": 0.193717277486911,
      "recall_all_meta_ci_lower": 0.14393487941975225,
      "recall_all_meta_ci_upper": 0.2555773397367318
    }
  }
}