{
  "search": {
    "counts": {
      "true_positives": 317,
      "false_negatives": 28,
      "false_positives": 129,
      "meta_total": 345,
      "retrieved_total": 446
    },
    "metrics": {
      "precision": 0.7107623318385651,
      "precision_ci_lower": 0.6670236227182337,
      "precision_ci_upper": 0.7509012646198873,
      "recall": 0.9188405797101449,
      "recall_ci_lower": 0.885202246147097,
      "recall_ci_upper": 0.9432539930170392
    }
  },
  "abstract": {
    "counts": {
      "true_positives": 300,
      "false_negatives": 17,
      "false_positives": 61,
      "meta_in_search": 317,
      "meta_total": 345,
      "included_total": 361
    },
    "metrics": {
      "precision": 0.8310249307479224,
      "precision_ci_lower": 0.7889294602801541,
      "precision_ci_upper": 0.8661493465225788,
      "recall_in_search": 0.9463722397476341,
      "recall_in_search_ci_lower": 0.9158037465621336,
      "recall_in_search_ci_upper": 0.9662514482754436,
      "recall_all_meta": 0.8695652173913043,
      "recall_all_meta_ci_lower": 0.8299199538080119,
      "recall_all_meta_ci_upper": 0.9010708454544613
    }
  },
  "fulltext": {
    "counts": {
      "true_positives": 260,
      "false_negatives": 35,
      "false_positives": 39,
      "additional_false_negatives": 18,
      "meta_in_search_available": 295,
      "meta_total": 345,
      "included_total": 299
    },
    "metrics": {
      "precision": 0.8695652173913043,
      "precision_ci_lower": 0.8266574563334009,
      "precision_ci_upper": 0.9030969763469178,
      "recall_in_search": 0.8813559322033898,
      "recall_in_search_ci_lower": 0.8394637920452864,
      "recall_in_search_ci_upper": 0.9134434337224783,
      "recall_all_meta": 0.7536231884057971,
      "recall_all_meta_ci_lower": 0.705525206569594,
      "recall_all_meta_ci_upper": 0.7961351458654367
    }
  },
  "fulltext_with_coords": {
    "counts": {
      "true_positives": 0,
      "false_negatives": 295,
      "false_positives": 0,
      "meta_in_search_available": 295,
      "meta_total": 345,
      "included_total": 0
    },
    "metrics": {
      "precision": 0,
      "precision_ci_lower": 0.0,
      "precision_ci_upper": 0.0,
      "recall_in_search": 0.0,
      "recall_in_search_ci_lower": 8.673617379884035e-19,
      "recall_in_search_ci_upper": 0.012854970660041976,
      "recall_all_meta": 0.0,
      "recall_all_meta_ci_lower": 0,
      "recall_all_meta_ci_upper": 0.011012448056653792
    }
  }
}