{
  "search": {
    "counts": {
      "true_positives": 317,
      "false_negatives": 28,
      "false_positives": 129,
      "meta_total": 345,
      "retrieved_total": 446
    },
    "metrics": {
      "precision": 0.7107623318385651,
      "precision_ci_lower": 0.6670236227182337,
      "precision_ci_upper": 0.7509012646198873,
      "recall": 0.9188405797101449,
      "recall_ci_lower": 0.885202246147097,
      "recall_ci_upper": 0.9432539930170392
    }
  },
  "abstract": {
    "counts": {
      "true_positives": 300,
      "false_negatives": 17,
      "false_positives": 61,
      "meta_in_search": 317,
      "meta_total": 345,
      "included_total": 361
    },
    "metrics": {
      "precision": 0.8310249307479224,
      "precision_ci_lower": 0.7889294602801541,
      "precision_ci_upper": 0.8661493465225788,
      "recall_in_search": 0.9463722397476341,
      "recall_in_search_ci_lower": 0.9158037465621336,
      "recall_in_search_ci_upper": 0.9662514482754436,
      "recall_all_meta": 0.8695652173913043,
      "recall_all_meta_ci_lower": 0.8299199538080119,
      "recall_all_meta_ci_upper": 0.9010708454544613
    }
  },
  "fulltext": {
    "counts": {
      "true_positives": 275,
      "false_negatives": 41,
      "false_positives": 42,
      "additional_false_negatives": 24,
      "meta_in_search_available": 316,
      "meta_total": 345,
      "included_total": 317
    },
    "metrics": {
      "precision": 0.8675078864353313,
      "precision_ci_lower": 0.8257501469701094,
      "precision_ci_upper": 0.9004649074368005,
      "recall_in_search": 0.870253164556962,
      "recall_in_search_ci_lower": 0.8287120904037939,
      "recall_in_search_ci_upper": 0.9029000576094728,
      "recall_all_meta": 0.7971014492753623,
      "recall_all_meta_ci_lower": 0.751500495871448,
      "recall_all_meta_ci_upper": 0.8361587741238736
    }
  },
  "fulltext_with_coords": {
    "counts": {
      "true_positives": 0,
      "false_negatives": 316,
      "false_positives": 0,
      "meta_in_search_available": 316,
      "meta_total": 345,
      "included_total": 0
    },
    "metrics": {
      "precision": 0,
      "precision_ci_lower": 0.0,
      "precision_ci_upper": 0.0,
      "recall_in_search": 0.0,
      "recall_in_search_ci_lower": 0,
      "recall_in_search_ci_upper": 0.012010945417981901,
      "recall_all_meta": 0.0,
      "recall_all_meta_ci_lower": 0,
      "recall_all_meta_ci_upper": 0.011012448056653792
    }
  }
}