{
  "search": {
    "counts": {
      "true_positives": 336,
      "false_negatives": 29,
      "false_positives": 110,
      "meta_total": 365,
      "retrieved_total": 446
    },
    "metrics": {
      "precision": 0.7533632286995515,
      "precision_ci_lower": 0.7113064954821708,
      "precision_ci_upper": 0.7910925712115273,
      "recall": 0.9205479452054794,
      "recall_ci_lower": 0.8882222268993474,
      "recall_ci_upper": 0.9441133881722714
    }
  },
  "abstract": {
    "counts": {
      "true_positives": 319,
      "false_negatives": 17,
      "false_positives": 42,
      "meta_in_search": 336,
      "meta_total": 365,
      "included_total": 361
    },
    "metrics": {
      "precision": 0.8836565096952909,
      "precision_ci_lower": 0.8464681500191844,
      "precision_ci_upper": 0.9127654461496735,
      "recall_in_search": 0.9494047619047619,
      "recall_in_search_ci_lower": 0.920475047055588,
      "recall_in_search_ci_upper": 0.9681742530889497,
      "recall_all_meta": 0.873972602739726,
      "recall_all_meta_ci_lower": 0.8359841533631623,
      "recall_all_meta_ci_upper": 0.9041709701370068
    }
  },
  "fulltext": {
    "counts": {
      "true_positives": 279,
      "false_negatives": 35,
      "false_positives": 20,
      "additional_false_negatives": 18,
      "meta_in_search_available": 314,
      "meta_total": 365,
      "included_total": 299
    },
    "metrics": {
      "precision": 0.9331103678929766,
      "precision_ci_lower": 0.8989468659217461,
      "precision_ci_upper": 0.9562857045045099,
      "recall_in_search": 0.8885350318471338,
      "recall_in_search_ci_lower": 0.8489232602697973,
      "recall_in_search_ci_upper": 0.9187547277594602,
      "recall_all_meta": 0.7643835616438356,
      "recall_all_meta_ci_lower": 0.7182318380421164,
      "recall_all_meta_ci_upper": 0.8050280111722887
    }
  },
  "fulltext_with_coords": {
    "counts": {
      "true_positives": 0,
      "false_negatives": 314,
      "false_positives": 0,
      "meta_in_search_available": 314,
      "meta_total": 365,
      "included_total": 0
    },
    "metrics": {
      "precision": 0,
      "precision_ci_lower": 0.0,
      "precision_ci_upper": 0.0,
      "recall_in_search": 0.0,
      "recall_in_search_ci_lower": 0,
      "recall_in_search_ci_upper": 0.012086523601693423,
      "recall_all_meta": 0.0,
      "recall_all_meta_ci_lower": 0,
      "recall_all_meta_ci_upper": 0.010415311071202379
    }
  }
}