{
  "search": {
    "counts": {
      "true_positives": 336,
      "false_negatives": 29,
      "false_positives": 110,
      "meta_total": 365,
      "retrieved_total": 446
    },
    "metrics": {
      "precision": 0.7533632286995515,
      "precision_ci_lower": 0.7113064954821708,
      "precision_ci_upper": 0.7910925712115273,
      "recall": 0.9205479452054794,
      "recall_ci_lower": 0.8882222268993474,
      "recall_ci_upper": 0.9441133881722714
    }
  },
  "abstract": {
    "counts": {
      "true_positives": 319,
      "false_negatives": 17,
      "false_positives": 42,
      "meta_in_search": 336,
      "meta_total": 365,
      "included_total": 361
    },
    "metrics": {
      "precision": 0.8836565096952909,
      "precision_ci_lower": 0.8464681500191844,
      "precision_ci_upper": 0.9127654461496735,
      "recall_in_search": 0.9494047619047619,
      "recall_in_search_ci_lower": 0.920475047055588,
      "recall_in_search_ci_upper": 0.9681742530889497,
      "recall_all_meta": 0.873972602739726,
      "recall_all_meta_ci_lower": 0.8359841533631623,
      "recall_all_meta_ci_upper": 0.9041709701370068
    }
  },
  "fulltext": {
    "counts": {
      "true_positives": 294,
      "false_negatives": 41,
      "false_positives": 23,
      "additional_false_negatives": 24,
      "meta_in_search_available": 335,
      "meta_total": 365,
      "included_total": 317
    },
    "metrics": {
      "precision": 0.9274447949526814,
      "precision_ci_lower": 0.8934840539443165,
      "precision_ci_upper": 0.9511695071899005,
      "recall_in_search": 0.8776119402985074,
      "recall_in_search_ci_lower": 0.8381729238973376,
      "recall_in_search_ci_upper": 0.9084886430413145,
      "recall_all_meta": 0.8054794520547945,
      "recall_all_meta_ci_lower": 0.7617759682146459,
      "recall_all_meta_ci_upper": 0.8428196088569209
    }
  },
  "fulltext_with_coords": {
    "counts": {
      "true_positives": 0,
      "false_negatives": 335,
      "false_positives": 0,
      "meta_in_search_available": 335,
      "meta_total": 365,
      "included_total": 0
    },
    "metrics": {
      "precision": 0,
      "precision_ci_lower": 0.0,
      "precision_ci_upper": 0.0,
      "recall_in_search": 0.0,
      "recall_in_search_ci_lower": 0,
      "recall_in_search_ci_upper": 0.011337450891508009,
      "recall_all_meta": 0.0,
      "recall_all_meta_ci_lower": 0,
      "recall_all_meta_ci_upper": 0.010415311071202379
    }
  }
}