{
  "search": {
    "counts": {
      "true_positives": 221,
      "false_negatives": 15,
      "false_positives": 778,
      "meta_total": 236,
      "retrieved_total": 999
    },
    "metrics": {
      "precision": 0.22122122122122123,
      "precision_ci_lower": 0.19657717823838428,
      "precision_ci_upper": 0.24800110810314763,
      "recall": 0.9364406779661016,
      "recall_ci_lower": 0.8977924556499415,
      "recall_ci_upper": 0.9611077518203222
    }
  },
  "abstract": {
    "counts": {
      "true_positives": 221,
      "false_negatives": 0,
      "false_positives": 481,
      "meta_in_search": 221,
      "meta_total": 236,
      "included_total": 702
    },
    "metrics": {
      "precision": 0.3148148148148148,
      "precision_ci_lower": 0.2815441993344508,
      "precision_ci_upper": 0.35010120099332814,
      "recall_in_search": 1.0,
      "recall_in_search_ci_lower": 0.9829141938146678,
      "recall_in_search_ci_upper": 1,
      "recall_all_meta": 0.9364406779661016,
      "recall_all_meta_ci_lower": 0.8977924556499415,
      "recall_all_meta_ci_upper": 0.9611077518203222
    }
  },
  "fulltext": {
    "counts": {
      "true_positives": 34,
      "false_negatives": 1,
      "false_positives": 61,
      "additional_false_negatives": 1,
      "meta_in_search_available": 35,
      "meta_total": 236,
      "included_total": 95
    },
    "metrics": {
      "precision": 0.35789473684210527,
      "precision_ci_lower": 0.2687489341134812,
      "precision_ci_upper": 0.45808673022218316,
      "recall_in_search": 0.9714285714285714,
      "recall_in_search_ci_lower": 0.8546659090672868,
      "recall_in_search_ci_upper": 0.9949386386341466,
      "recall_all_meta": 0.1440677966101695,
      "recall_all_meta_ci_lower": 0.10496233108011335,
      "recall_all_meta_ci_upper": 0.1945753637985065
    }
  },
  "fulltext_with_coords": {
    "counts": {
      "true_positives": 28,
      "false_negatives": 7,
      "false_positives": 37,
      "meta_in_search_available": 35,
      "meta_total": 236,
      "included_total": 65
    },
    "metrics": {
      "precision": 0.4307692307692308,
      "precision_ci_lower": 0.31759267537345776,
      "precision_ci_upper": 0.5516724201501791,
      "recall_in_search": 0.8,
      "recall_in_search_ci_lower": 0.641080633905375,
      "recall_in_search_ci_upper": 0.8995768055409918,
      "recall_all_meta": 0.11864406779661017,
      "recall_all_meta_ci_lower": 0.08337364714262929,
      "recall_all_meta_ci_upper": 0.1661310259416063
    }
  }
}