{
  "search": {
    "counts": {
      "true_positives": 221,
      "false_negatives": 15,
      "false_positives": 778,
      "meta_total": 236,
      "retrieved_total": 999
    },
    "metrics": {
      "precision": 0.22122122122122123,
      "precision_ci_lower": 0.19657717823838428,
      "precision_ci_upper": 0.24800110810314763,
      "recall": 0.9364406779661016,
      "recall_ci_lower": 0.8977924556499415,
      "recall_ci_upper": 0.9611077518203222
    }
  },
  "abstract": {
    "counts": {
      "true_positives": 220,
      "false_negatives": 1,
      "false_positives": 477,
      "meta_in_search": 221,
      "meta_total": 236,
      "included_total": 697
    },
    "metrics": {
      "precision": 0.31563845050215206,
      "precision_ci_lower": 0.28222423791947104,
      "precision_ci_upper": 0.35107378548553236,
      "recall_in_search": 0.995475113122172,
      "recall_in_search_ci_lower": 0.9748182228803925,
      "recall_in_search_ci_upper": 0.9992008198590294,
      "recall_all_meta": 0.9322033898305084,
      "recall_all_meta_ci_lower": 0.892719712230716,
      "recall_all_meta_ci_upper": 0.957841658273817
    }
  },
  "fulltext": {
    "counts": {
      "true_positives": 41,
      "false_negatives": 3,
      "false_positives": 116,
      "additional_false_negatives": 2,
      "meta_in_search_available": 44,
      "meta_total": 236,
      "included_total": 157
    },
    "metrics": {
      "precision": 0.2611464968152866,
      "precision_ci_lower": 0.19872639912020018,
      "precision_ci_upper": 0.3349763245532774,
      "recall_in_search": 0.9318181818181818,
      "recall_in_search_ci_lower": 0.8177467866338279,
      "recall_in_search_ci_upper": 0.9765410298271597,
      "recall_all_meta": 0.17372881355932204,
      "recall_all_meta_ci_lower": 0.130720567281024,
      "recall_all_meta_ci_upper": 0.2271889863577109
    }
  },
  "fulltext_with_coords": {
    "counts": {
      "true_positives": 26,
      "false_negatives": 18,
      "false_positives": 37,
      "meta_in_search_available": 44,
      "meta_total": 236,
      "included_total": 63
    },
    "metrics": {
      "precision": 0.4126984126984127,
      "precision_ci_lower": 0.2995827804043615,
      "precision_ci_upper": 0.5358490464818889,
      "recall_in_search": 0.5909090909090909,
      "recall_in_search_ci_lower": 0.44409492646606574,
      "recall_in_search_ci_upper": 0.7231235612099317,
      "recall_all_meta": 0.11016949152542373,
      "recall_all_meta_ci_lower": 0.07629876021467623,
      "recall_all_meta_ci_upper": 0.15652823893809792
    }
  }
}