{
  "search": {
    "counts": {
      "true_positives": 230,
      "false_negatives": 0,
      "false_positives": 255,
      "meta_total": 230,
      "retrieved_total": 485
    },
    "metrics": {
      "precision": 0.4742268041237113,
      "precision_ci_lower": 0.43016349473324417,
      "precision_ci_upper": 0.518695194870914,
      "recall": 1.0,
      "recall_ci_lower": 0.9835717853452937,
      "recall_ci_upper": 1
    }
  },
  "abstract": {
    "counts": {
      "true_positives": 228,
      "false_negatives": 2,
      "false_positives": 152,
      "meta_in_search": 230,
      "meta_total": 230,
      "included_total": 380
    },
    "metrics": {
      "precision": 0.6,
      "precision_ci_lower": 0.5499788432694918,
      "precision_ci_upper": 0.6480194977128301,
      "recall_in_search": 0.991304347826087,
      "recall_in_search_ci_lower": 0.9688540486373068,
      "recall_in_search_ci_upper": 0.9976121404411121,
      "recall_all_meta": 0.991304347826087,
      "recall_all_meta_ci_lower": 0.9688540486373068,
      "recall_all_meta_ci_upper": 0.9976121404411121
    }
  },
  "fulltext": {
    "counts": {
      "true_positives": 61,
      "false_negatives": 5,
      "false_positives": 57,
      "additional_false_negatives": 3,
      "meta_in_search_available": 66,
      "meta_total": 230,
      "included_total": 118
    },
    "metrics": {
      "precision": 0.5169491525423728,
      "precision_ci_lower": 0.4276814843920897,
      "precision_ci_upper": 0.6051480253976701,
      "recall_in_search": 0.9242424242424242,
      "recall_in_search_ci_lower": 0.834605945487485,
      "recall_in_search_ci_upper": 0.9672084459353918,
      "recall_all_meta": 0.26521739130434785,
      "recall_all_meta_ci_lower": 0.2123614873921517,
      "recall_all_meta_ci_upper": 0.32578741340223233
    }
  },
  "fulltext_with_coords": {
    "counts": {
      "true_positives": 37,
      "false_negatives": 29,
      "false_positives": 12,
      "meta_in_search_available": 66,
      "meta_total": 230,
      "included_total": 49
    },
    "metrics": {
      "precision": 0.7551020408163265,
      "precision_ci_lower": 0.619134127396842,
      "precision_ci_upper": 0.8539779661052471,
      "recall_in_search": 0.5606060606060606,
      "recall_in_search_ci_lower": 0.4408242143005392,
      "recall_in_search_ci_upper": 0.6737206987598716,
      "recall_all_meta": 0.1608695652173913,
      "recall_all_meta_ci_lower": 0.1190204850878151,
      "recall_all_meta_ci_upper": 0.21386126050407273
    }
  }
}