{
  "search": {
    "counts": {
      "true_positives": 219,
      "false_negatives": 11,
      "false_positives": 227,
      "meta_total": 230,
      "retrieved_total": 446
    },
    "metrics": {
      "precision": 0.4910313901345291,
      "precision_ci_lower": 0.4449095754717498,
      "precision_ci_upper": 0.5373063867691811,
      "recall": 0.9521739130434783,
      "recall_ci_lower": 0.9164029258574279,
      "recall_ci_upper": 0.9730880800200551
    }
  },
  "abstract": {
    "counts": {
      "true_positives": 218,
      "false_negatives": 1,
      "false_positives": 143,
      "meta_in_search": 219,
      "meta_total": 230,
      "included_total": 361
    },
    "metrics": {
      "precision": 0.6038781163434903,
      "precision_ci_lower": 0.5525852148578301,
      "precision_ci_upper": 0.652983448364785,
      "recall_in_search": 0.9954337899543378,
      "recall_in_search_ci_lower": 0.9745923467541101,
      "recall_in_search_ci_upper": 0.9991935172856382,
      "recall_all_meta": 0.9478260869565217,
      "recall_all_meta_ci_lower": 0.9110322236493205,
      "recall_all_meta_ci_upper": 0.9699059840947251
    }
  },
  "fulltext": {
    "counts": {
      "true_positives": 215,
      "false_negatives": 3,
      "false_positives": 102,
      "additional_false_negatives": 2,
      "meta_in_search_available": 218,
      "meta_total": 230,
      "included_total": 317
    },
    "metrics": {
      "precision": 0.6782334384858044,
      "precision_ci_lower": 0.6249371916745371,
      "precision_ci_upper": 0.727261525698771,
      "recall_in_search": 0.9862385321100917,
      "recall_in_search_ci_lower": 0.9603277102537329,
      "recall_in_search_ci_upper": 0.9953091044825475,
      "recall_all_meta": 0.9347826086956522,
      "recall_all_meta_ci_lower": 0.8951968914476299,
      "recall_all_meta_ci_upper": 0.9600829218961037
    }
  },
  "fulltext_with_coords": {
    "counts": {
      "true_positives": 0,
      "false_negatives": 218,
      "false_positives": 0,
      "meta_in_search_available": 218,
      "meta_total": 230,
      "included_total": 0
    },
    "metrics": {
      "precision": 0,
      "precision_ci_lower": 0.0,
      "precision_ci_upper": 0.0,
      "recall_in_search": 0.0,
      "recall_in_search_ci_lower": 0,
      "recall_in_search_ci_upper": 0.017316860318353274,
      "recall_all_meta": 0.0,
      "recall_all_meta_ci_lower": 0,
      "recall_all_meta_ci_upper": 0.01642821465470643
    }
  }
}