{
  "search": {
    "counts": {
      "true_positives": 219,
      "false_negatives": 11,
      "false_positives": 227,
      "meta_total": 230,
      "retrieved_total": 446
    },
    "metrics": {
      "precision": 0.4910313901345291,
      "precision_ci_lower": 0.4449095754717498,
      "precision_ci_upper": 0.5373063867691811,
      "recall": 0.9521739130434783,
      "recall_ci_lower": 0.9164029258574279,
      "recall_ci_upper": 0.9730880800200551
    }
  },
  "abstract": {
    "counts": {
      "true_positives": 218,
      "false_negatives": 1,
      "false_positives": 143,
      "meta_in_search": 219,
      "meta_total": 230,
      "included_total": 361
    },
    "metrics": {
      "precision": 0.6038781163434903,
      "precision_ci_lower": 0.5525852148578301,
      "precision_ci_upper": 0.652983448364785,
      "recall_in_search": 0.9954337899543378,
      "recall_in_search_ci_lower": 0.9745923467541101,
      "recall_in_search_ci_upper": 0.9991935172856382,
      "recall_all_meta": 0.9478260869565217,
      "recall_all_meta_ci_lower": 0.9110322236493205,
      "recall_all_meta_ci_upper": 0.9699059840947251
    }
  },
  "fulltext": {
    "counts": {
      "true_positives": 208,
      "false_negatives": 2,
      "false_positives": 91,
      "additional_false_negatives": 1,
      "meta_in_search_available": 210,
      "meta_total": 230,
      "included_total": 299
    },
    "metrics": {
      "precision": 0.6956521739130435,
      "precision_ci_lower": 0.641287068427676,
      "precision_ci_upper": 0.7450535135795516,
      "recall_in_search": 0.9904761904761905,
      "recall_in_search_ci_lower": 0.9659454811957657,
      "recall_in_search_ci_upper": 0.997384385397077,
      "recall_all_meta": 0.9043478260869565,
      "recall_all_meta_ci_lower": 0.8594270152256304,
      "recall_all_meta_ci_upper": 0.9359832111840419
    }
  },
  "fulltext_with_coords": {
    "counts": {
      "true_positives": 0,
      "false_negatives": 210,
      "false_positives": 0,
      "meta_in_search_available": 210,
      "meta_total": 230,
      "included_total": 0
    },
    "metrics": {
      "precision": 0,
      "precision_ci_lower": 0.0,
      "precision_ci_upper": 0.0,
      "recall_in_search": 0.0,
      "recall_in_search_ci_lower": 0,
      "recall_in_search_ci_upper": 0.017964699104383804,
      "recall_all_meta": 0.0,
      "recall_all_meta_ci_lower": 0,
      "recall_all_meta_ci_upper": 0.01642821465470643
    }
  }
}