{
  "search": {
    "counts": {
      "true_positives": 344,
      "false_negatives": 1,
      "false_positives": 725,
      "meta_total": 345,
      "retrieved_total": 1069
    },
    "metrics": {
      "precision": 0.32179607109448083,
      "precision_ci_lower": 0.2944719422838136,
      "precision_ci_upper": 0.35039641479704536,
      "recall": 0.9971014492753624,
      "recall_ci_lower": 0.9837661263543445,
      "recall_ci_upper": 0.9994881644183156
    }
  },
  "abstract": {
    "counts": {
      "true_positives": 324,
      "false_negatives": 20,
      "false_positives": 401,
      "meta_in_search": 344,
      "meta_total": 345,
      "included_total": 725
    },
    "metrics": {
      "precision": 0.44689655172413795,
      "precision_ci_lower": 0.4110804377383613,
      "precision_ci_upper": 0.483272464181617,
      "recall_in_search": 0.9418604651162791,
      "recall_in_search_ci_lower": 0.9119089755769025,
      "recall_in_search_ci_upper": 0.9620520457615458,
      "recall_all_meta": 0.9391304347826087,
      "recall_all_meta_ci_lower": 0.9087424965854225,
      "recall_all_meta_ci_upper": 0.9598465707735162
    }
  },
  "fulltext": {
    "counts": {
      "true_positives": 289,
      "false_negatives": 54,
      "false_positives": 251,
      "additional_false_negatives": 34,
      "meta_in_search_available": 343,
      "meta_total": 345,
      "included_total": 540
    },
    "metrics": {
      "precision": 0.5351851851851852,
      "precision_ci_lower": 0.4930168131343669,
      "precision_ci_upper": 0.5768564734990942,
      "recall_in_search": 0.8425655976676385,
      "recall_in_search_ci_lower": 0.8002537291292153,
      "recall_in_search_ci_upper": 0.8772889877767152,
      "recall_all_meta": 0.8376811594202899,
      "recall_all_meta_ci_lower": 0.7950882164209313,
      "recall_all_meta_ci_upper": 0.8728367099639952
    }
  },
  "fulltext_with_coords": {
    "counts": {
      "true_positives": 0,
      "false_negatives": 343,
      "false_positives": 0,
      "meta_in_search_available": 343,
      "meta_total": 345,
      "included_total": 0
    },
    "metrics": {
      "precision": 0,
      "precision_ci_lower": 0.0,
      "precision_ci_upper": 0.0,
      "recall_in_search": 0.0,
      "recall_in_search_ci_lower": 0,
      "recall_in_search_ci_upper": 0.011075949367088606,
      "recall_all_meta": 0.0,
      "recall_all_meta_ci_lower": 0,
      "recall_all_meta_ci_upper": 0.011012448056653792
    }
  }
}