{
  "search": {
    "counts": {
      "true_positives": 314,
      "false_negatives": 31,
      "false_positives": 127,
      "meta_total": 345,
      "retrieved_total": 441
    },
    "metrics": {
      "precision": 0.7120181405895691,
      "precision_ci_lower": 0.6680668061178329,
      "precision_ci_upper": 0.7523075473598994,
      "recall": 0.9101449275362319,
      "recall_ci_lower": 0.875280062888179,
      "recall_ci_upper": 0.9359763927638991
    }
  },
  "abstract": {
    "counts": {
      "true_positives": 299,
      "false_negatives": 15,
      "false_positives": 58,
      "meta_in_search": 314,
      "meta_total": 345,
      "included_total": 357
    },
    "metrics": {
      "precision": 0.8375350140056023,
      "precision_ci_lower": 0.7957113727216103,
      "precision_ci_upper": 0.8721717094950743,
      "recall_in_search": 0.9522292993630573,
      "recall_in_search_ci_lower": 0.9226869656700801,
      "recall_in_search_ci_upper": 0.9708398728557769,
      "recall_all_meta": 0.8666666666666667,
      "recall_all_meta_ci_lower": 0.8267281538644072,
      "recall_all_meta_ci_upper": 0.8985293842273799
    }
  },
  "fulltext": {
    "counts": {
      "true_positives": 67,
      "false_negatives": 26,
      "false_positives": 14,
      "additional_false_negatives": 11,
      "meta_in_search_available": 93,
      "meta_total": 345,
      "included_total": 81
    },
    "metrics": {
      "precision": 0.8271604938271605,
      "precision_ci_lower": 0.7305366228248568,
      "precision_ci_upper": 0.894156923737207,
      "recall_in_search": 0.7204301075268817,
      "recall_in_search_ci_lower": 0.6218738745625855,
      "recall_in_search_ci_upper": 0.8014978995510186,
      "recall_all_meta": 0.19420289855072465,
      "recall_all_meta_ci_lower": 0.15592124765123033,
      "recall_all_meta_ci_upper": 0.23921969884138977
    }
  },
  "fulltext_with_coords": {
    "counts": {
      "true_positives": 30,
      "false_negatives": 63,
      "false_positives": 3,
      "meta_in_search_available": 93,
      "meta_total": 345,
      "included_total": 33
    },
    "metrics": {
      "precision": 0.9090909090909091,
      "precision_ci_lower": 0.7642705646564897,
      "precision_ci_upper": 0.968596628950737,
      "recall_in_search": 0.3225806451612903,
      "recall_in_search_ci_lower": 0.23624803528547356,
      "recall_in_search_ci_upper": 0.4229893172572353,
      "recall_all_meta": 0.08695652173913043,
      "recall_all_meta_ci_lower": 0.061588186650324485,
      "recall_all_meta_ci_upper": 0.12142209652691122
    }
  }
}