{
  "search": {
    "counts": {
      "true_positives": 289,
      "false_negatives": 20,
      "false_positives": 710,
      "meta_total": 309,
      "retrieved_total": 999
    },
    "metrics": {
      "precision": 0.28928928928928926,
      "precision_ci_lower": 0.262020666718101,
      "precision_ci_upper": 0.31817225706966357,
      "recall": 0.9352750809061489,
      "recall_ci_lower": 0.9021464357593588,
      "recall_ci_upper": 0.9577136340011846
    }
  },
  "abstract": {
    "counts": {
      "true_positives": 287,
      "false_negatives": 2,
      "false_positives": 410,
      "meta_in_search": 289,
      "meta_total": 309,
      "included_total": 697
    },
    "metrics": {
      "precision": 0.4117647058823529,
      "precision_ci_lower": 0.37580784610355944,
      "precision_ci_upper": 0.4486888732692632,
      "recall_in_search": 0.9930795847750865,
      "recall_in_search_ci_lower": 0.9751222274562773,
      "recall_in_search_ci_upper": 0.99810015624877,
      "recall_all_meta": 0.9288025889967637,
      "recall_all_meta_ci_lower": 0.8945583733912236,
      "recall_all_meta_ci_upper": 0.9525156730271557
    }
  },
  "fulltext": {
    "counts": {
      "true_positives": 84,
      "false_negatives": 4,
      "false_positives": 96,
      "additional_false_negatives": 2,
      "meta_in_search_available": 88,
      "meta_total": 309,
      "included_total": 180
    },
    "metrics": {
      "precision": 0.4666666666666667,
      "precision_ci_lower": 0.39524296450687024,
      "precision_ci_upper": 0.5394834521474671,
      "recall_in_search": 0.9545454545454546,
      "recall_in_search_ci_lower": 0.888880924960137,
      "recall_in_search_ci_upper": 0.9821840390648802,
      "recall_all_meta": 0.27184466019417475,
      "recall_all_meta_ci_lower": 0.22526460392563707,
      "recall_all_meta_ci_upper": 0.3240280732630745
    }
  },
  "fulltext_with_coords": {
    "counts": {
      "true_positives": 32,
      "false_negatives": 56,
      "false_positives": 35,
      "meta_in_search_available": 88,
      "meta_total": 309,
      "included_total": 67
    },
    "metrics": {
      "precision": 0.47761194029850745,
      "precision_ci_lower": 0.36250188635242525,
      "precision_ci_upper": 0.5951501147316833,
      "recall_in_search": 0.36363636363636365,
      "recall_in_search_ci_lower": 0.27079145605030686,
      "recall_in_search_ci_upper": 0.4678890547421881,
      "recall_all_meta": 0.10355987055016182,
      "recall_all_meta_ci_lower": 0.07431517205408017,
      "recall_all_meta_ci_upper": 0.1425408982383618
    }
  }
}